{
    "lgbm": {
        "learning_rate": 0.011278507098047686,
        "max_depth": 7,
        "num_leaves": 41,
        "min_data_in_leaf": 45,
        "feature_fraction": 0.8771578531041919,
        "bagging_fraction": 0.991273234078892,
        "bagging_freq": 4,
        "lambda_l1": 1.9684885921873658,
        "lambda_l2": 1.1706319826952398,
        "n_estimators": 357,
        "random_state": 42
    },
    "xgb": {
        "learning_rate": 0.010734216212785846,
        "max_depth": 11,
        "n_estimators": 286,
        "subsample": 0.6513321931561922,
        "colsample_bytree": 0.6947512265840334,
        "reg_alpha": 6.724111784141735,
        "reg_lambda": 4.057880178121156,
        "random_state": 42
    },
    "catboost": {
        "learning_rate": 0.036330004833687736,
        "depth": 3,
        "iterations": 295,
        "random_seed": 42,
        "l2_leaf_reg": 9.880624012988054
    },
    "elastic_net": {
        "alpha": 0.00017064580625014028,
        "l1_ratio": 0.4403815822861344,
        "max_iter": 1000,
        "tol": 0.0001,
        "random_state": 42
    },
    "hist_gbr": {
        "learning_rate": 0.022554984273620547,
        "max_iter": 146,
        "max_depth": 6,
        "min_samples_leaf": 22,
        "l2_regularization": 7.810010379955402,
        "early_stopping": "auto",
        "random_state": 42
    }
}