{
    "lgbm": {
        "learning_rate": 0.01765062981209299,
        "max_depth": 11,
        "num_leaves": 33,
        "min_data_in_leaf": 47,
        "feature_fraction": 0.8567420633467457,
        "bagging_fraction": 0.8827406512260777,
        "bagging_freq": 1,
        "lambda_l1": 4.529550217240954,
        "lambda_l2": 3.0753554674755534,
        "n_estimators": 177,
        "random_state": 42
    },
    "xgb": {
        "learning_rate": 0.05212062129656192,
        "max_depth": 3,
        "n_estimators": 114,
        "subsample": 0.6783791574728165,
        "colsample_bytree": 0.9142712134867441,
        "reg_alpha": 3.682853122891939,
        "reg_lambda": 7.953112723265365,
        "random_state": 42
    },
    "catboost": {
        "learning_rate": 0.04922705337513586,
        "depth": 7,
        "iterations": 263,
        "random_seed": 42,
        "l2_leaf_reg": 1.48540687736697
    }
}