{
    "lgbm": {
        "learning_rate": 0.02423253967396901,
        "max_depth": 6,
        "num_leaves": 45,
        "min_data_in_leaf": 19,
        "feature_fraction": 0.8012419973661451,
        "bagging_fraction": 0.8443672628230731,
        "bagging_freq": 2,
        "lambda_l1": 4.237992295129743,
        "lambda_l2": 7.887812110339146,
        "n_estimators": 238,
        "random_state": 42
    },
    "xgb": {
        "learning_rate": 0.0445395834197293,
        "max_depth": 3,
        "n_estimators": 193,
        "subsample": 0.7266788219758951,
        "colsample_bytree": 0.9546430520158414,
        "reg_alpha": 5.228011562455327,
        "reg_lambda": 6.655245973411029,
        "random_state": 42
    },
    "catboost": {
        "learning_rate": 0.014218089500600491,
        "depth": 10,
        "iterations": 330,
        "random_seed": 42,
        "l2_leaf_reg": 2.312198642465551
    },
    "elastic_net": {
        "alpha": 0.007467810452156724,
        "l1_ratio": 0.420193371862003,
        "max_iter": 1000,
        "tol": 0.0001,
        "random_state": 42
    },
    "hist_gbr": {
        "learning_rate": 0.006113593616838325,
        "max_iter": 155,
        "max_depth": 9,
        "min_samples_leaf": 15,
        "l2_regularization": 5.54389171154161,
        "early_stopping": "auto",
        "random_state": 42
    }
}